{
  "version": 1,
  "author": "Mohaedmuallem",
  "editor": "wokwi",
  "parts": [
    { "type": "board-esp32-devkit-c-v4", "id": "esp", "top": 0, "left": 72.04, "attrs": {} },
    { "type": "wokwi-dht22", "id": "dht1", "top": -287.7, "left": -197.4, "attrs": {} },
    { "type": "wokwi-led", "id": "led1", "top": -176.4, "left": 23, "attrs": { "color": "red" } },
    {
      "type": "wokwi-resistor",
      "id": "r1",
      "top": -111.8,
      "left": 229.55,
      "rotate": 270,
      "attrs": { "value": "220" }
    }
  ],
  "connections": [
    [ "esp:TX", "$serialMonitor:RX", "", [] ],
    [ "esp:RX", "$serialMonitor:TX", "", [] ],
    [ "dht1:GND", "esp:GND.1", "black", [ "v0" ] ],
    [ "dht1:VCC", "esp:3V3", "red", [ "v0" ] ],
    [ "led1:A", "r1:2", "green", [ "v0" ] ],
    [ "r1:1", "esp:GND.3", "green", [ "h-28.8", "v163.2" ] ],
    [ "esp:13", "led1:C", "green", [ "h0" ] ],
    [ "dht1:SDA", "esp:15", "green", [ "v403.2", "h384.1", "v-57.6" ] ]
  ],
  "dependencies": {}
}