{
  "version": 1,
  "author": "Mohammedmuallem",
  "editor": "wokwi",
  "parts": [
    { "type": "wokwi-arduino-uno", "id": "uno", "top": 0, "left": 0, "attrs": {} },
    {
      "type": "wokwi-led",
      "id": "led1",
      "top": -176.4,
      "left": 147.8,
      "attrs": { "color": "red" }
    },
    {
      "type": "wokwi-led",
      "id": "led2",
      "top": -157.2,
      "left": 186.2,
      "attrs": { "color": "limegreen" }
    },
    {
      "type": "wokwi-pushbutton",
      "id": "btn1",
      "top": -118.6,
      "left": 28.8,
      "attrs": { "color": "green" }
    }
  ],
  "connections": [
    [ "led2:A", "uno:0", "green", [ "v0" ] ],
    [ "led1:A", "uno:1", "green", [ "v0" ] ],
    [ "led1:C", "btn1:1.l", "green", [ "v-19.2", "h-105.2", "v0", "h-19.2" ] ],
    [ "led2:C", "btn1:1.l", "green", [ "v-9.6", "h-162.8" ] ],
    [ "uno:GND.1", "btn1:2.r", "black", [ "v-95.4", "h-29.1" ] ]
  ],
  "dependencies": {}
}