{
  "version": 1,
  "author": "Mohammedmuallem",
  "editor": "wokwi",
  "parts": [
    {
      "type": "wokwi-arduino-nano",
      "id": "nano",
      "top": -25.8,
      "left": -142.5,
      "rotate": 90,
      "attrs": {}
    },
    { "type": "wokwi-led", "id": "led1", "top": -330, "left": -53.8, "attrs": { "color": "red" } },
    {
      "type": "wokwi-led",
      "id": "led2",
      "top": -349.2,
      "left": -169,
      "attrs": { "color": "blue" }
    },
    {
      "type": "wokwi-resistor",
      "id": "r1",
      "top": -244.8,
      "left": -163.75,
      "rotate": 90,
      "attrs": { "value": "220" }
    },
    {
      "type": "wokwi-resistor",
      "id": "r2",
      "top": -129.6,
      "left": -29.35,
      "rotate": 90,
      "attrs": { "value": "220" }
    },
    {
      "type": "wokwi-servo",
      "id": "servo1",
      "top": -375.4,
      "left": 107.4,
      "rotate": 270,
      "attrs": {}
    },
    {
      "type": "wokwi-dht22",
      "id": "dht1",
      "top": -354.9,
      "left": -312.6,
      "attrs": { "humidity": "7", "temperature": "58.7" }
    },
    { "type": "wokwi-potentiometer", "id": "pot1", "top": -375.7, "left": -537.8, "attrs": {} },
    {
      "type": "wokwi-relay-module",
      "id": "relay1",
      "top": -160.2,
      "left": -207.6,
      "rotate": 270,
      "attrs": {}
    }
  ],
  "connections": [
    [ "servo1:PWM", "nano:9", "gray", [ "v0" ] ],
    [ "servo1:V+", "nano:5V", "red", [ "v307.2", "h-278.3", "v-76.8" ] ],
    [ "servo1:GND", "nano:GND.1", "black", [ "v336", "h-288", "v-38.4" ] ],
    [ "r2:1", "led1:A", "green", [ "h0" ] ],
    [ "r2:2", "nano:2", "blue", [ "h0", "v162" ] ],
    [ "led1:C", "servo1:GND", "green", [ "v38.4", "h230.8" ] ],
    [ "r1:1", "led2:A", "green", [ "h0" ] ],
    [ "relay1:VCC", "nano:5V", "red", [ "v259.2" ] ],
    [ "relay1:GND", "nano:GND.1", "black", [ "v0" ] ],
    [ "relay1:IN", "nano:3", "gold", [ "v86.4", "h105.4", "v144" ] ],
    [ "led2:C", "relay1:GND", "black", [ "v48", "h-28.4", "v172.8" ] ],
    [ "r1:2", "relay1:NO", "green", [ "h0" ] ],
    [ "relay1:COM", "relay1:VCC", "gold", [ "v-30", "h-78.2", "v153.6" ] ],
    [ "dht1:VCC", "relay1:VCC", "red", [ "v105.6", "h182.4", "v-38.4" ] ],
    [ "dht1:SDA", "nano:A3", "green", [ "v163.2", "h268.9" ] ],
    [ "dht1:GND", "nano:GND.1", "black", [ "v0" ] ],
    [
      "pot1:GND",
      "nano:GND.1",
      "black",
      [ "v278.4", "h249.6", "v0", "h-249.6", "v0", "h0", "v0" ]
    ],
    [ "pot1:VCC", "dht1:VCC", "red", [ "v67.2", "h76" ] ],
    [ "pot1:SIG", "nano:A6", "#8f4814", [ "v0" ] ]
  ],
  "dependencies": {}
}